,duree_moyenne,nb_train_prevu,nb_annulation,commentaire_annulation,nb_train_depart_retard,retard_moyen_depart,retard_moyen_tous_trains_depart,commentaire_retards_depart,nb_train_retard_arrivee,retard_moyen_arrivee,retard_moyen_tous_trains_arrivee,nb_train_retard_sup_15,retard_moyen_trains_retard_sup15,nb_train_retard_sup_30,nb_train_retard_sup_60,prct_cause_externe,prct_cause_infra,prct_cause_gestion_trafic,prct_cause_materiel_roulant,prct_cause_gestion_gare,prct_cause_prise_en_charge_voyageurs
count,500.0,500.0,500.0,0.0,500.0,500.0,500.0,0.0,500.0,500.0,500.0,500.0,500.0,500.0,500.0,500.0,500.0,500.0,500.0,500.0,500.0
mean,173.354,266.45,23.474,,74.346,9.99118862042,2.683487120798,,41.772,32.72457400518,6.513890821302001,28.16,6.511637353987999,12.776,4.278,31.441730825818,22.525865034038,18.032092307368004,19.991335075418,4.8390274487500005,2.169949308218
std,91.37305266601862,166.4825768565395,45.5432288643524,,70.683028125073,4.949544314735254,2.0902062879497123,,33.82063996104671,14.303550343609967,3.7957507348786623,21.031191645840902,3.793700588155725,10.808305275382063,4.580685686960573,16.44004496426277,13.841675485276687,13.915362951680768,12.930757808314038,6.120341156608746,3.675141530144854
min,45.0,15.0,0.0,,0.0,0.0,-2.158187135,,0.0,0.0,-2.714285714,0.0,-2.714285714,0.0,0.0,0.0,0.0,0.0,0.0,0.0,0.0
25%,104.5,158.75,1.0,,22.0,6.710008170249999,1.1529097225,,19.0,24.12246991,4.0812764135,13.0,4.0812764135,5.0,1.0,20.0,13.33333333,9.523809524,12.5,0.0,0.0
50%,159.5,237.5,4.0,,48.5,9.499800675500001,2.2193055555,,36.0,31.767741935,5.744143773,25.0,5.744143773,10.0,3.0,30.43478261,21.62162162,16.374829005000002,18.350340135,3.571428571,0.0
75%,221.0,341.25,15.25,,113.5,12.5919956175,3.75836056625,,54.25,39.61266469,8.210470413,38.0,8.210470413,18.0,6.0,40.0,30.0,24.0344827575,25.80645161,6.666666667,3.333333333
max,481.0,878.0,279.0,,404.0,36.31896552,13.06635611,,210.0,190.0,31.21428571,162.0,31.21428571,86.0,36.0,100.0,100.0,100.0,100.0,50.0,33.33333333
